,Unnamed: 0,SPY,XLB,XLE,XLF,XLI,XLK,XLP,XLU,XLV,XLY
0,SPY,1.0,0.8725119899451269,0.7406479452847594,0.7827139267652594,0.920590386424768,0.8876289634827841,0.6734590736634659,0.2691091822571833,0.7873275395700817,0.9187729499625557
1,XLB,0.8725119899451269,1.0,0.7650075165702749,0.6870185433057292,0.8723322031151869,0.7393959941441808,0.4597420730216052,0.10753736075649888,0.6323775648083818,0.7913099193717129
2,XLE,0.7406479452847594,0.7650075165702749,1.0,0.6332239026127395,0.7196857677367987,0.5480883871794863,0.35753075414977525,0.1084882497699979,0.4334672013044713,0.6436594673260781
3,XLF,0.7827139267652594,0.6870185433057292,0.6332239026127395,1.0,0.7657592814646139,0.6352644818787739,0.3675386252267485,0.05632677671898227,0.5775203319071209,0.6850351922145032
4,XLI,0.920590386424768,0.8723322031151869,0.7196857677367987,0.7657592814646139,1.0,0.7476610894782786,0.5701937963896374,0.16676237345802875,0.6797012852805905,0.8409124488440335
5,XLK,0.8876289634827841,0.7393959941441808,0.5480883871794863,0.6352644818787739,0.7476610894782786,1.0,0.5421708914038924,0.21375047261849436,0.6126859510004746,0.8123878968282352
6,XLP,0.6734590736634659,0.4597420730216052,0.35753075414977525,0.3675386252267485,0.5701937963896374,0.5421708914038924,1.0,0.5682251979824136,0.6468752185275669,0.6225720904778982
7,XLU,0.2691091822571833,0.10753736075649888,0.1084882497699979,0.05632677671898227,0.16676237345802875,0.21375047261849436,0.5682251979824136,1.0,0.2762129941814461,0.16375526440379382
8,XLV,0.7873275395700817,0.6323775648083818,0.4334672013044713,0.5775203319071209,0.6797012852805905,0.6126859510004746,0.6468752185275669,0.2762129941814461,1.0,0.7005380329467732
9,XLY,0.9187729499625557,0.7913099193717129,0.6436594673260781,0.6850351922145032,0.8409124488440335,0.8123878968282352,0.6225720904778982,0.16375526440379382,0.7005380329467732,1.0
