,Mkt-RF,SMB,HML,RF
Mkt-RF,1.0,-0.17704810271054322,0.17438073961689277,-0.01452086641470725
SMB,-0.17704810271054322,1.0,-0.07569185125117324,-0.011128673141052746
HML,0.17438073961689277,-0.07569185125117324,1.0,0.011115945744358932
RF,-0.01452086641470725,-0.011128673141052746,0.011115945744358932,1.0
